request_id,location_id,request_type,priority,status,timestamp
REQ_0001,LOC_028,security_escort,high,pending,2026-07-26 05:47:42
REQ_0002,LOC_002,shuttle_ride,low,resolved,2026-08-01 11:42:21
REQ_0003,LOC_009,shuttle_ride,low,pending,2026-07-13 11:26:25
REQ_0004,LOC_003,shuttle_ride,low,resolved,2026-07-24 17:26:24
REQ_0005,LOC_050,lab_equipment_request,high,resolved,2026-07-12 11:00:18
REQ_0006,LOC_003,shuttle_ride,low,resolved,2026-07-24 18:28:13
REQ_0007,LOC_049,cleaning_request,low,in_progress,2026-07-13 11:39:05
REQ_0008,LOC_002,security_escort,high,pending,2026-07-10 20:19:51
REQ_0009,LOC_004,shuttle_ride,low,resolved,2026-07-05 19:49:29
REQ_0010,LOC_037,lab_equipment_request,medium,resolved,2026-07-18 12:24:25
REQ_0011,LOC_045,maintenance_ticket,medium,pending,2026-07-16 19:49:14
REQ_0012,LOC_009,security_escort,high,resolved,2026-08-01 04:15:54
REQ_0013,LOC_009,shuttle_ride,low,resolved,2026-07-13 05:38:48
REQ_0014,LOC_008,shuttle_ride,low,resolved,2026-07-20 00:58:28
REQ_0015,LOC_004,shuttle_ride,low,in_progress,2026-07-27 13:17:49
REQ_0016,LOC_022,security_escort,high,in_progress,2026-07-25 03:04:18
REQ_0017,LOC_014,maintenance_ticket,low,resolved,2026-07-15 10:14:44
REQ_0018,LOC_054,maintenance_ticket,medium,resolved,2026-07-17 12:34:26
REQ_0019,LOC_008,shuttle_ride,low,pending,2026-07-31 06:54:48
REQ_0020,LOC_007,shuttle_ride,low,resolved,2026-07-12 09:22:48
REQ_0021,LOC_030,lab_equipment_request,high,pending,2026-07-10 12:57:31
REQ_0022,LOC_008,shuttle_ride,low,resolved,2026-07-24 04:21:43
REQ_0023,LOC_001,shuttle_ride,low,pending,2026-07-15 19:58:37
REQ_0024,LOC_001,shuttle_ride,low,in_progress,2026-07-07 12:27:55
REQ_0025,LOC_007,shuttle_ride,low,in_progress,2026-07-27 10:21:56
REQ_0026,LOC_001,shuttle_ride,low,cancelled,2026-07-18 17:05:01
REQ_0027,LOC_004,shuttle_ride,low,in_progress,2026-07-23 08:49:02
REQ_0028,LOC_032,lab_equipment_request,medium,resolved,2026-07-22 18:01:09
REQ_0029,LOC_002,shuttle_ride,low,resolved,2026-07-14 14:49:10
REQ_0030,LOC_037,cleaning_request,low,resolved,2026-07-12 20:10:06
REQ_0031,LOC_004,shuttle_ride,low,pending,2026-07-09 17:45:04
REQ_0032,LOC_002,shuttle_ride,low,resolved,2026-07-12 11:49:54
REQ_0033,LOC_009,shuttle_ride,low,resolved,2026-07-16 11:34:42
REQ_0034,LOC_007,cleaning_request,low,resolved,2026-07-30 12:00:26
REQ_0035,LOC_009,shuttle_ride,low,cancelled,2026-07-25 06:29:09
REQ_0036,LOC_008,shuttle_ride,low,resolved,2026-07-22 21:17:51
REQ_0037,LOC_018,cleaning_request,low,resolved,2026-07-10 12:54:53
REQ_0038,LOC_007,shuttle_ride,low,in_progress,2026-07-27 09:15:29
REQ_0039,LOC_006,shuttle_ride,low,in_progress,2026-07-09 08:31:22
REQ_0040,LOC_011,lab_equipment_request,medium,pending,2026-07-25 13:38:56
REQ_0041,LOC_008,shuttle_ride,low,resolved,2026-07-10 11:48:44
REQ_0042,LOC_039,lab_equipment_request,medium,in_progress,2026-07-05 07:01:18
REQ_0043,LOC_036,cleaning_request,low,in_progress,2026-07-14 08:33:27
REQ_0044,LOC_018,lab_equipment_request,medium,resolved,2026-07-17 10:44:17
REQ_0045,LOC_048,maintenance_ticket,medium,resolved,2026-07-25 09:48:11
REQ_0046,LOC_007,security_escort,high,resolved,2026-07-19 20:48:38
REQ_0047,LOC_005,shuttle_ride,low,pending,2026-07-03 11:19:45
REQ_0048,LOC_003,shuttle_ride,low,resolved,2026-07-20 17:03:18
REQ_0049,LOC_008,shuttle_ride,low,in_progress,2026-07-21 13:00:18
REQ_0050,LOC_002,shuttle_ride,low,resolved,2026-07-11 10:03:55
REQ_0051,LOC_020,cleaning_request,low,pending,2026-07-07 19:03:09
REQ_0052,LOC_004,shuttle_ride,low,resolved,2026-07-06 16:15:35
REQ_0053,LOC_036,lab_equipment_request,medium,resolved,2026-07-30 05:19:37
REQ_0054,LOC_014,security_escort,high,in_progress,2026-07-06 20:47:48
REQ_0055,LOC_029,maintenance_ticket,medium,resolved,2026-07-05 16:35:10
REQ_0056,LOC_008,shuttle_ride,low,pending,2026-07-10 14:02:18
REQ_0057,LOC_004,shuttle_ride,low,resolved,2026-07-23 13:50:37
REQ_0058,LOC_018,maintenance_ticket,high,pending,2026-07-10 16:34:41
REQ_0059,LOC_029,cleaning_request,low,pending,2026-07-29 15:47:36
REQ_0060,LOC_005,shuttle_ride,low,resolved,2026-07-12 16:44:44
REQ_0061,LOC_005,shuttle_ride,low,pending,2026-07-31 10:02:27
REQ_0062,LOC_038,cleaning_request,low,cancelled,2026-07-24 13:14:53
REQ_0063,LOC_034,maintenance_ticket,medium,resolved,2026-07-21 20:17:02
REQ_0064,LOC_008,shuttle_ride,low,cancelled,2026-07-21 12:11:27
REQ_0065,LOC_022,cleaning_request,low,resolved,2026-07-24 07:20:06
REQ_0066,LOC_053,cleaning_request,low,resolved,2026-07-12 13:31:42
REQ_0067,LOC_026,cleaning_request,low,resolved,2026-07-13 15:16:07
REQ_0068,LOC_030,cleaning_request,low,resolved,2026-07-03 13:52:42
REQ_0069,LOC_001,shuttle_ride,low,in_progress,2026-07-18 14:48:40
REQ_0070,LOC_039,lab_equipment_request,high,pending,2026-07-07 17:35:59
REQ_0071,LOC_011,lab_equipment_request,high,pending,2026-07-25 19:15:10
REQ_0072,LOC_002,shuttle_ride,low,resolved,2026-08-01 11:53:07
REQ_0073,LOC_051,lab_equipment_request,high,cancelled,2026-07-19 19:18:45
REQ_0074,LOC_013,security_escort,high,resolved,2026-07-17 22:15:35
REQ_0075,LOC_022,cleaning_request,low,resolved,2026-07-05 02:55:17
REQ_0076,LOC_047,maintenance_ticket,low,resolved,2026-07-11 12:32:52
REQ_0077,LOC_006,shuttle_ride,low,resolved,2026-07-17 18:09:34
REQ_0078,LOC_013,cleaning_request,low,cancelled,2026-07-15 12:34:29
REQ_0079,LOC_048,maintenance_ticket,medium,resolved,2026-07-27 13:54:26
REQ_0080,LOC_003,shuttle_ride,low,resolved,2026-07-15 17:24:42
REQ_0081,LOC_055,maintenance_ticket,medium,resolved,2026-07-13 18:37:55
REQ_0082,LOC_042,maintenance_ticket,critical,pending,2026-07-03 14:29:46
REQ_0083,LOC_006,shuttle_ride,low,resolved,2026-07-25 13:39:25
REQ_0084,LOC_041,cleaning_request,low,resolved,2026-07-20 09:54:24
REQ_0085,LOC_038,lab_equipment_request,high,cancelled,2026-07-22 13:02:04
REQ_0086,LOC_002,shuttle_ride,low,resolved,2026-07-05 02:47:27
REQ_0087,LOC_023,maintenance_ticket,medium,pending,2026-07-13 09:02:50
REQ_0088,LOC_012,maintenance_ticket,low,resolved,2026-07-16 02:33:36
REQ_0089,LOC_037,lab_equipment_request,high,resolved,2026-07-21 10:58:09
REQ_0090,LOC_019,cleaning_request,low,resolved,2026-07-03 10:42:57
REQ_0091,LOC_007,shuttle_ride,low,resolved,2026-07-21 15:22:19
REQ_0092,LOC_025,maintenance_ticket,high,pending,2026-07-30 17:29:19
REQ_0093,LOC_054,maintenance_ticket,medium,in_progress,2026-07-25 09:18:18
REQ_0094,LOC_001,shuttle_ride,low,resolved,2026-07-30 16:36:43
REQ_0095,LOC_006,shuttle_ride,low,in_progress,2026-07-12 12:57:49
REQ_0096,LOC_003,shuttle_ride,low,resolved,2026-07-22 03:12:16
REQ_0097,LOC_024,maintenance_ticket,medium,pending,2026-07-28 18:19:28
REQ_0098,LOC_004,shuttle_ride,low,pending,2026-07-13 08:18:47
REQ_0099,LOC_011,security_escort,high,in_progress,2026-07-19 00:33:58
REQ_0100,LOC_052,lab_equipment_request,high,resolved,2026-07-18 09:52:51
REQ_0101,LOC_007,shuttle_ride,low,cancelled,2026-07-10 11:48:55
REQ_0102,LOC_026,maintenance_ticket,low,resolved,2026-07-20 13:51:23
REQ_0103,LOC_041,security_escort,high,resolved,2026-07-11 05:43:37
REQ_0104,LOC_009,shuttle_ride,low,in_progress,2026-07-24 15:06:14
REQ_0105,LOC_020,cleaning_request,low,resolved,2026-07-29 07:40:29
REQ_0106,LOC_020,cleaning_request,low,cancelled,2026-07-07 08:07:02
REQ_0107,LOC_009,shuttle_ride,low,resolved,2026-07-07 15:34:24
REQ_0108,LOC_042,cleaning_request,low,pending,2026-07-26 15:47:09
REQ_0109,LOC_008,shuttle_ride,low,resolved,2026-07-04 07:17:44
REQ_0110,LOC_044,maintenance_ticket,medium,resolved,2026-07-30 13:15:23
REQ_0111,LOC_053,cleaning_request,low,resolved,2026-07-09 11:17:07
REQ_0112,LOC_001,shuttle_ride,low,pending,2026-07-09 11:42:41
REQ_0113,LOC_049,security_escort,high,resolved,2026-07-21 05:50:13
REQ_0114,LOC_015,lab_equipment_request,medium,in_progress,2026-07-09 23:37:52
REQ_0115,LOC_043,security_escort,high,resolved,2026-07-11 23:34:51
REQ_0116,LOC_004,shuttle_ride,low,resolved,2026-07-03 11:08:22
REQ_0117,LOC_002,shuttle_ride,low,resolved,2026-07-26 16:08:26
REQ_0118,LOC_008,shuttle_ride,low,resolved,2026-07-14 13:49:32
REQ_0119,LOC_005,shuttle_ride,low,resolved,2026-08-01 14:50:55
REQ_0120,LOC_028,cleaning_request,low,resolved,2026-07-04 12:01:30
REQ_0121,LOC_010,security_escort,high,pending,2026-07-31 02:04:05
REQ_0122,LOC_006,shuttle_ride,low,in_progress,2026-07-22 13:17:40
REQ_0123,LOC_045,maintenance_ticket,low,resolved,2026-07-22 09:32:27
REQ_0124,LOC_004,shuttle_ride,low,resolved,2026-07-27 10:56:35
REQ_0125,LOC_002,shuttle_ride,low,in_progress,2026-07-17 16:52:25
REQ_0126,LOC_003,shuttle_ride,low,resolved,2026-07-24 09:20:16
REQ_0127,LOC_048,maintenance_ticket,medium,pending,2026-07-05 10:05:27
REQ_0128,LOC_002,shuttle_ride,low,resolved,2026-07-21 13:03:35
REQ_0129,LOC_039,cleaning_request,low,in_progress,2026-07-30 21:27:58
REQ_0130,LOC_043,security_escort,high,resolved,2026-07-21 04:06:32
REQ_0131,LOC_004,shuttle_ride,low,resolved,2026-07-14 15:35:07
REQ_0132,LOC_040,cleaning_request,low,resolved,2026-07-20 09:54:49
REQ_0133,LOC_016,lab_equipment_request,high,resolved,2026-07-29 06:42:44
REQ_0134,LOC_003,shuttle_ride,low,resolved,2026-08-01 10:19:21
REQ_0135,LOC_006,cleaning_request,low,resolved,2026-07-26 08:09:40
REQ_0136,LOC_003,shuttle_ride,low,in_progress,2026-07-15 10:13:26
REQ_0137,LOC_010,cleaning_request,low,in_progress,2026-07-22 11:36:05
REQ_0138,LOC_029,security_escort,high,resolved,2026-07-04 04:39:43
REQ_0139,LOC_006,shuttle_ride,low,resolved,2026-07-09 07:17:48
REQ_0140,LOC_009,shuttle_ride,low,resolved,2026-07-24 13:18:43
REQ_0141,LOC_017,lab_equipment_request,medium,resolved,2026-07-04 17:38:00
REQ_0142,LOC_048,maintenance_ticket,medium,pending,2026-07-13 14:18:07
REQ_0143,LOC_005,cleaning_request,low,in_progress,2026-07-29 09:35:42
REQ_0144,LOC_005,maintenance_ticket,high,resolved,2026-07-04 12:47:27
REQ_0145,LOC_011,cleaning_request,low,resolved,2026-07-12 05:26:07
REQ_0146,LOC_006,shuttle_ride,low,pending,2026-07-17 09:39:53
REQ_0147,LOC_020,maintenance_ticket,medium,in_progress,2026-07-15 15:37:33
REQ_0148,LOC_002,shuttle_ride,low,resolved,2026-07-08 09:49:04
REQ_0149,LOC_003,shuttle_ride,low,in_progress,2026-07-26 15:22:52
REQ_0150,LOC_010,security_escort,high,resolved,2026-07-11 21:09:12
REQ_0151,LOC_008,shuttle_ride,low,resolved,2026-07-23 11:49:31
REQ_0152,LOC_006,shuttle_ride,low,resolved,2026-07-21 10:56:41
REQ_0153,LOC_005,shuttle_ride,low,resolved,2026-07-18 11:04:28
REQ_0154,LOC_031,lab_equipment_request,medium,pending,2026-07-19 10:22:04
REQ_0155,LOC_009,shuttle_ride,low,in_progress,2026-07-30 13:55:05
REQ_0156,LOC_001,shuttle_ride,low,resolved,2026-07-20 11:37:50
REQ_0157,LOC_001,shuttle_ride,low,resolved,2026-07-22 15:20:30
REQ_0158,LOC_039,lab_equipment_request,medium,resolved,2026-07-31 06:51:53
REQ_0159,LOC_003,shuttle_ride,low,in_progress,2026-07-17 14:28:33
REQ_0160,LOC_006,shuttle_ride,low,resolved,2026-07-12 16:58:24
REQ_0161,LOC_044,maintenance_ticket,medium,in_progress,2026-07-05 19:21:21
REQ_0162,LOC_003,shuttle_ride,low,in_progress,2026-07-24 15:54:58
REQ_0163,LOC_007,shuttle_ride,low,pending,2026-07-12 10:22:41
REQ_0164,LOC_006,shuttle_ride,low,resolved,2026-07-05 11:45:19
REQ_0165,LOC_007,shuttle_ride,low,resolved,2026-07-24 08:47:58
REQ_0166,LOC_014,security_escort,high,in_progress,2026-07-14 04:01:19
REQ_0167,LOC_050,lab_equipment_request,medium,resolved,2026-07-07 13:08:04
REQ_0168,LOC_003,cleaning_request,low,resolved,2026-07-29 09:34:47
REQ_0169,LOC_054,maintenance_ticket,medium,resolved,2026-07-15 17:38:09
REQ_0170,LOC_007,shuttle_ride,low,in_progress,2026-07-08 08:57:46
REQ_0171,LOC_008,shuttle_ride,low,in_progress,2026-07-12 10:39:48
REQ_0172,LOC_013,cleaning_request,low,in_progress,2026-07-12 00:15:51
REQ_0173,LOC_007,shuttle_ride,low,cancelled,2026-07-27 23:29:18
REQ_0174,LOC_005,shuttle_ride,low,pending,2026-07-09 08:52:51
REQ_0175,LOC_055,cleaning_request,low,pending,2026-07-06 08:59:45
REQ_0176,LOC_033,lab_equipment_request,medium,resolved,2026-07-27 13:05:10
REQ_0177,LOC_002,security_escort,high,resolved,2026-07-17 22:52:56
REQ_0178,LOC_013,lab_equipment_request,high,in_progress,2026-07-19 18:25:23
REQ_0179,LOC_003,shuttle_ride,low,pending,2026-07-23 12:45:21
REQ_0180,LOC_003,shuttle_ride,low,resolved,2026-07-29 15:58:30
REQ_0181,LOC_051,lab_equipment_request,medium,resolved,2026-07-05 06:57:01
REQ_0182,LOC_005,shuttle_ride,low,in_progress,2026-07-22 14:46:33
REQ_0183,LOC_002,shuttle_ride,low,resolved,2026-07-28 15:40:39
REQ_0184,LOC_033,maintenance_ticket,medium,resolved,2026-07-22 15:31:34
REQ_0185,LOC_002,shuttle_ride,low,resolved,2026-07-10 12:22:36
REQ_0186,LOC_009,shuttle_ride,low,resolved,2026-07-05 13:23:33
REQ_0187,LOC_011,lab_equipment_request,high,resolved,2026-07-15 08:40:23
REQ_0188,LOC_002,shuttle_ride,low,resolved,2026-07-10 16:22:46
REQ_0189,LOC_037,lab_equipment_request,medium,resolved,2026-07-14 12:02:34
REQ_0190,LOC_003,shuttle_ride,low,resolved,2026-07-17 08:43:44
REQ_0191,LOC_051,security_escort,high,in_progress,2026-07-04 20:29:18
REQ_0192,LOC_029,lab_equipment_request,high,in_progress,2026-07-13 16:02:59
REQ_0193,LOC_042,maintenance_ticket,medium,pending,2026-07-30 13:22:49
REQ_0194,LOC_008,shuttle_ride,low,resolved,2026-07-16 09:23:56
REQ_0195,LOC_052,security_escort,high,resolved,2026-07-25 02:31:31
REQ_0196,LOC_003,shuttle_ride,low,resolved,2026-07-05 21:51:46
REQ_0197,LOC_007,shuttle_ride,low,in_progress,2026-07-12 12:42:19
REQ_0198,LOC_023,maintenance_ticket,medium,resolved,2026-07-14 14:28:28
REQ_0199,LOC_006,shuttle_ride,low,resolved,2026-07-05 07:03:42
REQ_0200,LOC_010,cleaning_request,low,resolved,2026-07-24 06:47:10
REQ_0201,LOC_006,shuttle_ride,low,in_progress,2026-07-05 10:08:15
REQ_0202,LOC_029,maintenance_ticket,high,in_progress,2026-07-04 08:36:38
REQ_0203,LOC_025,lab_equipment_request,medium,cancelled,2026-07-14 13:33:25
REQ_0204,LOC_007,shuttle_ride,low,resolved,2026-07-26 06:01:11
REQ_0205,LOC_019,cleaning_request,low,resolved,2026-07-17 19:45:13
REQ_0206,LOC_005,maintenance_ticket,medium,resolved,2026-07-09 18:31:07
REQ_0207,LOC_002,shuttle_ride,low,resolved,2026-07-30 10:43:20
REQ_0208,LOC_046,cleaning_request,low,resolved,2026-07-31 13:18:19
REQ_0209,LOC_013,maintenance_ticket,medium,in_progress,2026-07-19 12:23:14
REQ_0210,LOC_006,shuttle_ride,low,resolved,2026-07-03 10:31:23
REQ_0211,LOC_039,lab_equipment_request,high,resolved,2026-07-05 15:56:04
REQ_0212,LOC_003,shuttle_ride,low,cancelled,2026-07-16 12:49:52
REQ_0213,LOC_054,maintenance_ticket,medium,resolved,2026-07-19 09:43:22
REQ_0214,LOC_001,shuttle_ride,low,resolved,2026-07-27 08:11:08
REQ_0215,LOC_006,shuttle_ride,low,resolved,2026-07-13 08:10:59
REQ_0216,LOC_017,cleaning_request,low,in_progress,2026-07-31 12:33:18
REQ_0217,LOC_009,shuttle_ride,low,resolved,2026-07-12 16:40:39
REQ_0218,LOC_040,maintenance_ticket,medium,resolved,2026-07-21 11:37:09
REQ_0219,LOC_042,maintenance_ticket,medium,in_progress,2026-07-30 16:52:01
REQ_0220,LOC_001,shuttle_ride,low,resolved,2026-07-27 07:13:36
REQ_0221,LOC_044,cleaning_request,low,resolved,2026-07-18 10:19:15
REQ_0222,LOC_029,maintenance_ticket,medium,resolved,2026-07-05 10:29:44
REQ_0223,LOC_006,shuttle_ride,low,cancelled,2026-07-25 11:55:20
REQ_0224,LOC_002,shuttle_ride,low,in_progress,2026-07-27 15:08:23
REQ_0225,LOC_025,maintenance_ticket,high,resolved,2026-07-07 09:15:06
REQ_0226,LOC_037,cleaning_request,low,resolved,2026-07-31 13:55:10
REQ_0227,LOC_032,cleaning_request,low,pending,2026-07-17 14:32:31
REQ_0228,LOC_014,cleaning_request,low,resolved,2026-07-19 15:25:29
REQ_0229,LOC_008,shuttle_ride,low,in_progress,2026-07-31 16:38:53
REQ_0230,LOC_005,shuttle_ride,low,resolved,2026-07-30 14:00:06
REQ_0231,LOC_006,shuttle_ride,low,resolved,2026-07-04 13:25:36
REQ_0232,LOC_009,shuttle_ride,low,in_progress,2026-07-15 08:04:32
REQ_0233,LOC_051,security_escort,high,cancelled,2026-07-07 20:07:06
REQ_0234,LOC_039,maintenance_ticket,medium,resolved,2026-07-14 12:35:48
REQ_0235,LOC_003,shuttle_ride,low,resolved,2026-07-28 15:21:30
REQ_0236,LOC_021,cleaning_request,low,in_progress,2026-07-07 13:32:20
REQ_0237,LOC_008,shuttle_ride,low,resolved,2026-07-21 21:19:21
REQ_0238,LOC_022,maintenance_ticket,medium,cancelled,2026-07-18 12:19:52
REQ_0239,LOC_005,shuttle_ride,low,cancelled,2026-07-30 05:46:44
REQ_0240,LOC_001,shuttle_ride,low,resolved,2026-07-27 08:50:37
REQ_0241,LOC_004,shuttle_ride,low,pending,2026-07-27 16:39:53
REQ_0242,LOC_021,maintenance_ticket,medium,resolved,2026-07-06 19:44:12
REQ_0243,LOC_048,cleaning_request,low,resolved,2026-08-01 14:39:30
REQ_0244,LOC_027,lab_equipment_request,high,resolved,2026-07-07 18:45:33
REQ_0245,LOC_005,shuttle_ride,low,resolved,2026-07-20 11:58:21
REQ_0246,LOC_004,shuttle_ride,low,resolved,2026-07-10 15:12:17
REQ_0247,LOC_028,lab_equipment_request,high,in_progress,2026-07-09 21:45:44
REQ_0248,LOC_007,shuttle_ride,low,resolved,2026-07-24 12:36:34
REQ_0249,LOC_029,maintenance_ticket,medium,resolved,2026-07-04 21:18:18
REQ_0250,LOC_009,shuttle_ride,low,resolved,2026-07-09 10:13:52
REQ_0251,LOC_034,maintenance_ticket,low,in_progress,2026-07-10 17:37:15
REQ_0252,LOC_002,shuttle_ride,low,resolved,2026-07-16 18:06:21
REQ_0253,LOC_031,cleaning_request,low,resolved,2026-07-08 21:59:26
REQ_0254,LOC_042,security_escort,high,pending,2026-07-27 22:12:18
REQ_0255,LOC_001,shuttle_ride,low,resolved,2026-07-20 13:14:47
REQ_0256,LOC_003,cleaning_request,low,cancelled,2026-07-16 05:11:56
REQ_0257,LOC_003,cleaning_request,low,pending,2026-07-26 08:59:55
REQ_0258,LOC_022,cleaning_request,low,in_progress,2026-07-22 16:36:06
REQ_0259,LOC_030,cleaning_request,low,in_progress,2026-07-31 19:31:08
REQ_0260,LOC_030,maintenance_ticket,medium,resolved,2026-07-06 12:51:21
REQ_0261,LOC_003,shuttle_ride,low,resolved,2026-07-21 17:18:43
REQ_0262,LOC_033,cleaning_request,low,in_progress,2026-07-31 13:40:25
REQ_0263,LOC_001,cleaning_request,low,in_progress,2026-07-18 11:08:20
REQ_0264,LOC_027,lab_equipment_request,high,resolved,2026-07-17 14:15:48
REQ_0265,LOC_008,maintenance_ticket,medium,in_progress,2026-07-25 09:23:15
REQ_0266,LOC_046,cleaning_request,low,resolved,2026-07-19 11:43:59
REQ_0267,LOC_015,lab_equipment_request,high,in_progress,2026-07-14 10:18:39
REQ_0268,LOC_009,shuttle_ride,low,resolved,2026-07-22 06:47:23
REQ_0269,LOC_049,lab_equipment_request,medium,resolved,2026-07-09 13:52:48
REQ_0270,LOC_037,security_escort,high,pending,2026-07-25 04:33:23
REQ_0271,LOC_021,maintenance_ticket,high,resolved,2026-07-21 18:12:34
REQ_0272,LOC_033,maintenance_ticket,medium,pending,2026-07-09 03:43:45
REQ_0273,LOC_005,shuttle_ride,low,resolved,2026-07-04 16:36:35
REQ_0274,LOC_014,maintenance_ticket,medium,pending,2026-07-11 16:25:52
REQ_0275,LOC_031,maintenance_ticket,low,resolved,2026-08-01 11:03:57
REQ_0276,LOC_007,shuttle_ride,low,in_progress,2026-07-07 14:49:49
REQ_0277,LOC_009,shuttle_ride,low,pending,2026-08-01 17:58:24
REQ_0278,LOC_035,maintenance_ticket,medium,pending,2026-07-14 09:55:07
REQ_0279,LOC_007,shuttle_ride,low,resolved,2026-07-03 22:48:19
REQ_0280,LOC_003,shuttle_ride,low,in_progress,2026-07-10 11:52:15
REQ_0281,LOC_001,shuttle_ride,low,in_progress,2026-07-04 20:07:51
REQ_0282,LOC_039,maintenance_ticket,medium,resolved,2026-07-06 09:04:38
REQ_0283,LOC_052,lab_equipment_request,medium,pending,2026-07-10 13:28:34
REQ_0284,LOC_037,cleaning_request,low,in_progress,2026-07-10 14:18:52
REQ_0285,LOC_043,cleaning_request,low,resolved,2026-07-10 06:20:19
REQ_0286,LOC_038,maintenance_ticket,high,resolved,2026-07-12 08:26:17
REQ_0287,LOC_043,cleaning_request,low,in_progress,2026-07-04 09:31:22
REQ_0288,LOC_003,shuttle_ride,low,in_progress,2026-07-13 09:33:44
REQ_0289,LOC_039,lab_equipment_request,medium,resolved,2026-07-30 15:15:14
REQ_0290,LOC_007,shuttle_ride,low,resolved,2026-07-04 18:58:35
REQ_0291,LOC_029,maintenance_ticket,high,pending,2026-07-13 15:13:41
REQ_0292,LOC_025,maintenance_ticket,medium,resolved,2026-07-29 15:46:12
REQ_0293,LOC_004,shuttle_ride,low,resolved,2026-07-21 15:48:46
REQ_0294,LOC_011,lab_equipment_request,medium,resolved,2026-08-01 10:55:21
REQ_0295,LOC_036,lab_equipment_request,medium,in_progress,2026-07-18 15:48:58
REQ_0296,LOC_007,shuttle_ride,low,resolved,2026-07-20 12:15:20
REQ_0297,LOC_002,shuttle_ride,low,resolved,2026-07-19 10:23:56
REQ_0298,LOC_014,cleaning_request,low,in_progress,2026-07-18 09:46:48
REQ_0299,LOC_036,maintenance_ticket,high,resolved,2026-07-26 07:14:09
REQ_0300,LOC_015,maintenance_ticket,medium,resolved,2026-07-12 16:26:09
REQ_0301,LOC_008,shuttle_ride,low,resolved,2026-07-13 05:43:16
REQ_0302,LOC_047,maintenance_ticket,medium,in_progress,2026-07-28 13:46:22
REQ_0303,LOC_053,maintenance_ticket,medium,resolved,2026-07-19 23:03:02
REQ_0304,LOC_010,maintenance_ticket,low,resolved,2026-07-07 03:26:53
REQ_0305,LOC_043,cleaning_request,low,resolved,2026-08-01 08:42:39
REQ_0306,LOC_001,shuttle_ride,low,resolved,2026-07-20 17:00:35
REQ_0307,LOC_007,shuttle_ride,low,resolved,2026-07-19 10:01:52
REQ_0308,LOC_004,shuttle_ride,low,in_progress,2026-07-08 23:58:06
REQ_0309,LOC_026,security_escort,high,resolved,2026-07-28 03:17:25
REQ_0310,LOC_051,lab_equipment_request,medium,resolved,2026-07-25 11:15:14
REQ_0311,LOC_008,shuttle_ride,low,pending,2026-07-15 18:05:24
REQ_0312,LOC_055,maintenance_ticket,medium,resolved,2026-07-25 06:00:10
REQ_0313,LOC_052,lab_equipment_request,high,in_progress,2026-07-31 03:06:33
REQ_0314,LOC_035,cleaning_request,low,resolved,2026-07-05 09:59:43
REQ_0315,LOC_007,shuttle_ride,low,resolved,2026-07-03 23:20:13
REQ_0316,LOC_051,lab_equipment_request,high,resolved,2026-07-08 15:19:36
REQ_0317,LOC_047,cleaning_request,low,pending,2026-07-07 08:47:50
REQ_0318,LOC_015,maintenance_ticket,high,in_progress,2026-07-14 11:47:03
REQ_0319,LOC_018,maintenance_ticket,medium,resolved,2026-07-27 14:25:20
REQ_0320,LOC_007,shuttle_ride,low,pending,2026-07-14 00:14:35
REQ_0321,LOC_029,lab_equipment_request,medium,resolved,2026-07-05 06:45:05
REQ_0322,LOC_020,maintenance_ticket,medium,resolved,2026-07-14 06:20:06
REQ_0323,LOC_007,shuttle_ride,low,pending,2026-07-17 14:27:35
REQ_0324,LOC_039,maintenance_ticket,medium,resolved,2026-07-14 14:05:35
REQ_0325,LOC_016,cleaning_request,low,resolved,2026-07-05 18:49:46
REQ_0326,LOC_018,maintenance_ticket,medium,resolved,2026-07-24 13:10:24
REQ_0327,LOC_006,shuttle_ride,low,in_progress,2026-07-12 17:26:30
REQ_0328,LOC_004,shuttle_ride,low,resolved,2026-07-26 15:15:40
REQ_0329,LOC_006,shuttle_ride,low,resolved,2026-07-13 13:25:53
REQ_0330,LOC_039,cleaning_request,low,pending,2026-07-29 13:27:52
REQ_0331,LOC_026,maintenance_ticket,critical,in_progress,2026-07-18 07:12:20
REQ_0332,LOC_006,shuttle_ride,low,in_progress,2026-07-23 23:44:31
REQ_0333,LOC_035,maintenance_ticket,low,resolved,2026-08-01 15:07:36
REQ_0334,LOC_014,cleaning_request,low,resolved,2026-07-26 08:01:29
REQ_0335,LOC_008,shuttle_ride,low,pending,2026-07-30 11:52:50
REQ_0336,LOC_007,shuttle_ride,low,pending,2026-07-10 20:19:16
REQ_0337,LOC_045,cleaning_request,low,resolved,2026-07-20 18:25:32
REQ_0338,LOC_009,shuttle_ride,low,resolved,2026-07-28 12:02:23
REQ_0339,LOC_001,shuttle_ride,low,resolved,2026-07-24 15:15:42
REQ_0340,LOC_006,shuttle_ride,low,cancelled,2026-07-24 11:41:41
REQ_0341,LOC_009,shuttle_ride,low,resolved,2026-07-10 12:16:32
REQ_0342,LOC_008,shuttle_ride,low,resolved,2026-07-10 13:36:28
REQ_0343,LOC_027,maintenance_ticket,high,pending,2026-07-03 07:22:30
REQ_0344,LOC_027,lab_equipment_request,high,resolved,2026-07-26 09:53:09
REQ_0345,LOC_006,shuttle_ride,low,pending,2026-07-17 08:06:46
REQ_0346,LOC_055,maintenance_ticket,medium,pending,2026-07-28 12:02:45
REQ_0347,LOC_011,maintenance_ticket,medium,resolved,2026-07-10 16:47:33
REQ_0348,LOC_041,maintenance_ticket,medium,in_progress,2026-07-10 02:29:51
REQ_0349,LOC_004,shuttle_ride,low,in_progress,2026-07-21 12:28:27
REQ_0350,LOC_009,shuttle_ride,low,in_progress,2026-07-25 02:48:51
