requestId,source,destination,category,urgency,timeSubmitted,deadline,status
SR0001,L032,L035,specimen-collection,3,2026-08-23T12:25,2026-08-23T14:25,PENDING
SR0002,L052,L047,patient-transfer,3,2026-08-17T14:08,2026-08-17T16:25,PENDING
SR0003,L043,L051,equipment-delivery,4,2026-08-22T17:36,2026-08-22T20:42,DONE
SR0004,L032,L043,oxygen-delivery,5,2026-08-17T21:15,2026-08-18T01:34,PENDING
SR0005,L020,L027,porter-escort,4,2026-08-22T11:07,2026-08-22T14:26,PENDING
SR0006,L029,L056,linen-delivery,3,2026-08-17T11:12,2026-08-17T13:28,PENDING
SR0007,L013,L054,cleaning,3,2026-08-21T08:20,2026-08-21T10:10,PENDING
SR0008,L027,L026,food-delivery,3,2026-08-18T17:31,2026-08-18T19:24,PENDING
SR0009,L035,L003,lab-sample,2,2026-08-21T06:31,2026-08-21T07:38,PENDING
SR0010,L048,L047,lab-sample,4,2026-08-21T18:30,2026-08-21T21:29,PENDING
SR0011,L034,L025,wheelchair-request,3,2026-08-20T17:42,2026-08-20T20:10,DONE
SR0012,L005,L047,blood-delivery,3,2026-08-18T06:52,2026-08-18T09:18,PENDING
SR0013,L046,L035,specimen-collection,3,2026-08-21T16:58,2026-08-21T19:27,PENDING
SR0014,L006,L046,cleaning,2,2026-08-18T20:00,2026-08-18T21:03,DONE
SR0015,L054,L008,porter-escort,5,2026-08-19T23:30,2026-08-20T03:35,PENDING
SR0016,L049,L014,lab-sample,4,2026-08-19T23:00,2026-08-20T02:13,PENDING
SR0017,L016,L024,linen-delivery,3,2026-08-21T11:19,2026-08-21T13:26,PENDING
SR0018,L051,L006,patient-transfer,2,2026-08-18T20:17,2026-08-18T21:22,PENDING
SR0019,L028,L018,oxygen-delivery,4,2026-08-19T15:34,2026-08-19T18:57,PENDING
SR0020,L015,L044,wheelchair-request,4,2026-08-23T13:31,2026-08-23T16:59,DONE
SR0021,L054,L032,cleaning,4,2026-08-18T11:24,2026-08-18T14:19,PENDING
SR0022,L001,L054,patient-transfer,3,2026-08-18T14:23,2026-08-18T16:45,DONE
SR0023,L059,L036,equipment-delivery,3,2026-08-20T22:53,2026-08-21T00:58,DONE
SR0024,L012,L020,blood-delivery,4,2026-08-22T09:43,2026-08-22T13:11,DONE
SR0025,L002,L025,wheelchair-request,1,2026-08-20T10:22,2026-08-20T11:05,ASSIGNED
SR0026,L001,L024,patient-transfer,5,2026-08-19T15:41,2026-08-19T19:51,PENDING
SR0027,L026,L049,medication-run,2,2026-08-20T15:56,2026-08-20T16:49,PENDING
SR0028,L037,L025,lab-sample,5,2026-08-21T18:57,2026-08-21T22:48,PENDING
SR0029,L012,L030,lab-sample,4,2026-08-18T06:41,2026-08-18T09:33,PENDING
SR0030,L011,L038,lab-sample,5,2026-08-23T23:38,2026-08-24T03:45,PENDING
SR0031,L017,L057,linen-delivery,3,2026-08-22T10:19,2026-08-22T12:18,PENDING
SR0032,L024,L052,medication-run,5,2026-08-21T13:22,2026-08-21T17:43,PENDING
SR0033,L020,L057,cleaning,5,2026-08-21T10:37,2026-08-21T14:52,PENDING
SR0034,L050,L019,lab-sample,4,2026-08-21T11:12,2026-08-21T14:20,PENDING
SR0035,L025,L026,blood-delivery,3,2026-08-22T22:46,2026-08-23T00:37,PENDING
SR0036,L038,L055,medication-run,2,2026-08-23T13:37,2026-08-23T14:32,PENDING
SR0037,L007,L014,cleaning,3,2026-08-22T08:18,2026-08-22T10:21,PENDING
SR0038,L051,L030,specimen-collection,2,2026-08-21T21:05,2026-08-21T21:55,PENDING
SR0039,L056,L008,lab-sample,5,2026-08-21T19:40,2026-08-21T23:36,PENDING
SR0040,L006,L055,wheelchair-request,3,2026-08-18T09:08,2026-08-18T11:21,ASSIGNED
SR0041,L031,L005,cleaning,3,2026-08-19T11:26,2026-08-19T13:29,ASSIGNED
SR0042,L056,L023,medication-run,3,2026-08-17T19:29,2026-08-17T21:27,ASSIGNED
SR0043,L018,L030,patient-transfer,3,2026-08-23T15:36,2026-08-23T17:53,ASSIGNED
SR0044,L040,L011,cleaning,2,2026-08-22T20:26,2026-08-22T21:56,DONE
SR0045,L030,L058,medication-run,4,2026-08-20T20:44,2026-08-20T23:51,PENDING
SR0046,L058,L018,wheelchair-request,5,2026-08-23T18:27,2026-08-23T22:29,PENDING
SR0047,L027,L038,cleaning,5,2026-08-20T18:09,2026-08-20T22:32,DONE
SR0048,L059,L003,oxygen-delivery,4,2026-08-18T22:54,2026-08-19T02:06,PENDING
SR0049,L054,L033,cleaning,4,2026-08-18T10:31,2026-08-18T13:44,PENDING
SR0050,L043,L044,food-delivery,4,2026-08-19T09:36,2026-08-19T12:29,PENDING
SR0051,L042,L001,equipment-delivery,5,2026-08-20T21:04,2026-08-21T01:28,PENDING
SR0052,L037,L012,cleaning,3,2026-08-19T20:17,2026-08-19T22:44,PENDING
SR0053,L019,L012,porter-escort,5,2026-08-22T15:49,2026-08-22T19:58,PENDING
SR0054,L003,L046,blood-delivery,4,2026-08-23T19:56,2026-08-23T23:22,PENDING
SR0055,L022,L008,oxygen-delivery,3,2026-08-21T22:23,2026-08-22T00:27,PENDING
SR0056,L040,L060,patient-transfer,5,2026-08-17T17:44,2026-08-17T21:38,PENDING
SR0057,L035,L027,medication-run,2,2026-08-23T18:33,2026-08-23T19:35,PENDING
SR0058,L059,L020,food-delivery,5,2026-08-22T07:48,2026-08-22T12:15,PENDING
SR0059,L028,L027,patient-transfer,1,2026-08-19T11:57,2026-08-19T12:42,PENDING
SR0060,L044,L008,patient-transfer,1,2026-08-17T07:37,2026-08-17T08:23,PENDING
SR0061,L027,L052,oxygen-delivery,4,2026-08-21T20:46,2026-08-22T00:06,PENDING
SR0062,L001,L021,blood-delivery,4,2026-08-19T15:26,2026-08-19T18:40,PENDING
SR0063,L016,L036,blood-delivery,3,2026-08-21T17:03,2026-08-21T19:15,ASSIGNED
SR0064,L014,L050,linen-delivery,5,2026-08-20T13:59,2026-08-20T18:12,PENDING
SR0065,L029,L004,lab-sample,3,2026-08-23T21:02,2026-08-23T22:54,PENDING
SR0066,L050,L041,oxygen-delivery,1,2026-08-19T15:55,2026-08-19T16:38,PENDING
SR0067,L021,L032,cleaning,4,2026-08-19T15:06,2026-08-19T18:19,PENDING
SR0068,L052,L009,wheelchair-request,3,2026-08-19T09:01,2026-08-19T11:05,PENDING
SR0069,L053,L030,lab-sample,3,2026-08-19T19:59,2026-08-19T22:07,DONE
SR0070,L060,L014,cleaning,4,2026-08-20T21:50,2026-08-21T01:07,DONE
SR0071,L059,L024,specimen-collection,5,2026-08-22T20:45,2026-08-23T01:02,DONE
SR0072,L038,L055,food-delivery,3,2026-08-20T13:03,2026-08-20T15:26,PENDING
SR0073,L038,L022,food-delivery,3,2026-08-23T19:10,2026-08-23T21:27,PENDING
SR0074,L016,L013,specimen-collection,3,2026-08-20T16:18,2026-08-20T18:08,PENDING
SR0075,L002,L042,porter-escort,5,2026-08-23T13:27,2026-08-23T17:34,PENDING
SR0076,L037,L025,medication-run,5,2026-08-20T07:37,2026-08-20T12:07,PENDING
SR0077,L011,L040,porter-escort,1,2026-08-17T07:30,2026-08-17T08:09,PENDING
SR0078,L006,L041,medication-run,2,2026-08-21T17:57,2026-08-21T19:00,PENDING
SR0079,L012,L047,porter-escort,3,2026-08-17T10:35,2026-08-17T12:35,PENDING
SR0080,L029,L034,medication-run,4,2026-08-20T12:03,2026-08-20T15:18,PENDING
SR0081,L008,L007,specimen-collection,3,2026-08-23T14:43,2026-08-23T17:00,PENDING
SR0082,L045,L052,cleaning,2,2026-08-21T08:19,2026-08-21T09:28,ASSIGNED
SR0083,L042,L050,blood-delivery,4,2026-08-19T09:09,2026-08-19T12:29,PENDING
SR0084,L013,L042,linen-delivery,4,2026-08-22T18:31,2026-08-22T21:30,PENDING
SR0085,L057,L049,blood-delivery,5,2026-08-17T21:11,2026-08-18T01:26,ASSIGNED
SR0086,L026,L043,medication-run,4,2026-08-22T12:57,2026-08-22T16:18,PENDING
SR0087,L060,L020,linen-delivery,3,2026-08-17T17:15,2026-08-17T19:37,PENDING
SR0088,L028,L016,patient-transfer,3,2026-08-21T07:38,2026-08-21T09:41,PENDING
SR0089,L004,L013,blood-delivery,2,2026-08-21T20:01,2026-08-21T21:25,ASSIGNED
SR0090,L046,L001,food-delivery,3,2026-08-21T13:51,2026-08-21T16:06,PENDING
SR0091,L012,L039,wheelchair-request,4,2026-08-22T08:17,2026-08-22T11:17,PENDING
SR0092,L057,L020,cleaning,3,2026-08-21T17:42,2026-08-21T20:02,PENDING
SR0093,L001,L035,wheelchair-request,2,2026-08-22T17:17,2026-08-22T18:33,DONE
SR0094,L007,L022,porter-escort,3,2026-08-18T17:06,2026-08-18T19:09,DONE
SR0095,L034,L045,equipment-delivery,4,2026-08-18T10:36,2026-08-18T13:31,PENDING
SR0096,L030,L002,cleaning,5,2026-08-17T20:11,2026-08-18T00:27,ASSIGNED
SR0097,L033,L009,patient-transfer,4,2026-08-18T22:15,2026-08-19T01:24,DONE
SR0098,L011,L016,equipment-delivery,1,2026-08-19T21:53,2026-08-19T22:51,ASSIGNED
SR0099,L009,L013,oxygen-delivery,4,2026-08-21T07:22,2026-08-21T10:13,PENDING
SR0100,L051,L042,patient-transfer,3,2026-08-21T06:09,2026-08-21T08:14,ASSIGNED
SR0101,L028,L038,blood-delivery,2,2026-08-23T12:15,2026-08-23T13:37,PENDING
SR0102,L033,L044,linen-delivery,2,2026-08-20T08:16,2026-08-20T09:27,PENDING
SR0103,L035,L038,lab-sample,1,2026-08-19T12:39,2026-08-19T13:39,ASSIGNED
SR0104,L003,L052,specimen-collection,4,2026-08-20T21:15,2026-08-21T00:36,PENDING
SR0105,L006,L013,porter-escort,3,2026-08-20T21:50,2026-08-21T00:14,PENDING
SR0106,L027,L028,patient-transfer,2,2026-08-23T10:38,2026-08-23T11:57,PENDING
SR0107,L022,L035,oxygen-delivery,1,2026-08-19T12:40,2026-08-19T13:00,PENDING
SR0108,L021,L058,oxygen-delivery,4,2026-08-20T14:10,2026-08-20T17:23,PENDING
SR0109,L017,L057,specimen-collection,4,2026-08-20T11:49,2026-08-20T15:11,PENDING
SR0110,L008,L026,equipment-delivery,5,2026-08-18T08:41,2026-08-18T13:10,PENDING
SR0111,L027,L055,lab-sample,5,2026-08-17T15:23,2026-08-17T19:14,PENDING
SR0112,L033,L006,medication-run,3,2026-08-17T07:21,2026-08-17T09:51,PENDING
SR0113,L024,L006,patient-transfer,4,2026-08-21T22:24,2026-08-22T01:42,PENDING
SR0114,L013,L054,blood-delivery,2,2026-08-20T11:43,2026-08-20T12:49,PENDING
SR0115,L010,L020,medication-run,2,2026-08-18T22:27,2026-08-18T23:46,PENDING
SR0116,L051,L054,patient-transfer,2,2026-08-17T14:55,2026-08-17T16:07,PENDING
SR0117,L009,L056,cleaning,3,2026-08-18T06:00,2026-08-18T07:56,PENDING
SR0118,L059,L057,equipment-delivery,5,2026-08-20T18:51,2026-08-20T22:44,PENDING
SR0119,L044,L027,equipment-delivery,5,2026-08-20T17:26,2026-08-20T21:23,PENDING
SR0120,L051,L007,patient-transfer,4,2026-08-23T12:35,2026-08-23T15:55,ASSIGNED
SR0121,L052,L007,food-delivery,3,2026-08-17T11:21,2026-08-17T13:13,PENDING
SR0122,L019,L020,wheelchair-request,5,2026-08-21T18:18,2026-08-21T22:23,DONE
SR0123,L060,L013,specimen-collection,5,2026-08-21T12:16,2026-08-21T16:21,PENDING
SR0124,L037,L034,blood-delivery,3,2026-08-19T18:26,2026-08-19T20:53,PENDING
SR0125,L005,L017,medication-run,5,2026-08-21T20:28,2026-08-22T00:48,PENDING
SR0126,L035,L007,food-delivery,2,2026-08-22T10:41,2026-08-22T11:47,PENDING
SR0127,L017,L035,equipment-delivery,2,2026-08-22T17:58,2026-08-22T19:06,PENDING
SR0128,L048,L009,equipment-delivery,4,2026-08-22T21:24,2026-08-23T00:27,PENDING
SR0129,L039,L008,specimen-collection,3,2026-08-17T08:34,2026-08-17T10:56,PENDING
SR0130,L018,L038,wheelchair-request,4,2026-08-18T16:24,2026-08-18T19:38,PENDING
SR0131,L055,L043,patient-transfer,4,2026-08-20T23:08,2026-08-21T02:23,PENDING
SR0132,L011,L046,wheelchair-request,5,2026-08-17T14:31,2026-08-17T18:28,PENDING
SR0133,L015,L027,patient-transfer,1,2026-08-23T16:54,2026-08-23T17:26,PENDING
SR0134,L021,L054,wheelchair-request,1,2026-08-22T22:23,2026-08-22T23:19,ASSIGNED
SR0135,L006,L041,wheelchair-request,5,2026-08-21T23:25,2026-08-22T03:43,PENDING
SR0136,L023,L040,equipment-delivery,3,2026-08-22T07:40,2026-08-22T10:06,PENDING
SR0137,L022,L008,porter-escort,4,2026-08-17T19:05,2026-08-17T22:33,PENDING
SR0138,L030,L021,lab-sample,4,2026-08-20T21:27,2026-08-21T00:45,DONE
SR0139,L047,L006,oxygen-delivery,3,2026-08-20T14:40,2026-08-20T16:59,PENDING
SR0140,L052,L034,linen-delivery,4,2026-08-19T14:17,2026-08-19T17:28,DONE
SR0141,L059,L028,patient-transfer,3,2026-08-22T20:02,2026-08-22T22:22,PENDING
SR0142,L001,L030,specimen-collection,5,2026-08-20T13:59,2026-08-20T18:28,PENDING
SR0143,L030,L037,medication-run,3,2026-08-21T15:13,2026-08-21T17:04,PENDING
SR0144,L010,L035,blood-delivery,3,2026-08-17T15:48,2026-08-17T17:41,PENDING
SR0145,L002,L054,oxygen-delivery,2,2026-08-19T16:14,2026-08-19T17:43,PENDING
SR0146,L019,L056,porter-escort,3,2026-08-21T14:46,2026-08-21T16:48,PENDING
SR0147,L051,L032,lab-sample,3,2026-08-23T18:43,2026-08-23T21:03,ASSIGNED
SR0148,L058,L028,blood-delivery,2,2026-08-18T13:39,2026-08-18T14:39,PENDING
SR0149,L059,L004,equipment-delivery,3,2026-08-22T20:18,2026-08-22T22:40,ASSIGNED
SR0150,L028,L032,medication-run,5,2026-08-21T19:46,2026-08-21T23:47,PENDING
SR0151,L046,L041,lab-sample,5,2026-08-19T17:22,2026-08-19T21:12,PENDING
SR0152,L051,L003,patient-transfer,2,2026-08-18T18:29,2026-08-18T19:46,ASSIGNED
SR0153,L031,L029,blood-delivery,2,2026-08-22T08:55,2026-08-22T10:00,PENDING
SR0154,L022,L019,wheelchair-request,3,2026-08-17T14:52,2026-08-17T16:47,DONE
SR0155,L011,L055,lab-sample,1,2026-08-20T06:35,2026-08-20T07:23,PENDING
SR0156,L014,L039,equipment-delivery,3,2026-08-21T20:20,2026-08-21T22:12,PENDING
SR0157,L045,L017,food-delivery,4,2026-08-19T14:28,2026-08-19T17:22,ASSIGNED
SR0158,L010,L042,specimen-collection,5,2026-08-19T14:12,2026-08-19T18:26,ASSIGNED
SR0159,L025,L002,wheelchair-request,3,2026-08-21T20:03,2026-08-21T21:55,PENDING
SR0160,L057,L058,food-delivery,4,2026-08-20T19:44,2026-08-20T22:43,PENDING
SR0161,L036,L003,specimen-collection,3,2026-08-17T09:06,2026-08-17T10:59,ASSIGNED
SR0162,L034,L045,oxygen-delivery,3,2026-08-18T14:33,2026-08-18T16:39,PENDING
SR0163,L043,L016,porter-escort,1,2026-08-18T20:02,2026-08-18T21:02,PENDING
SR0164,L012,L060,blood-delivery,3,2026-08-19T23:04,2026-08-20T01:26,PENDING
SR0165,L060,L019,patient-transfer,2,2026-08-23T16:48,2026-08-23T17:54,PENDING
SR0166,L040,L025,patient-transfer,5,2026-08-23T23:30,2026-08-24T03:49,PENDING
SR0167,L052,L014,food-delivery,1,2026-08-20T09:41,2026-08-20T10:19,PENDING
SR0168,L052,L012,oxygen-delivery,3,2026-08-21T20:48,2026-08-21T22:38,PENDING
SR0169,L025,L031,oxygen-delivery,1,2026-08-20T21:32,2026-08-20T22:29,DONE
SR0170,L030,L018,wheelchair-request,1,2026-08-18T14:14,2026-08-18T14:49,DONE
SR0171,L036,L051,porter-escort,4,2026-08-17T18:34,2026-08-17T21:48,ASSIGNED
SR0172,L052,L029,food-delivery,4,2026-08-19T14:07,2026-08-19T17:13,PENDING
SR0173,L031,L035,equipment-delivery,2,2026-08-22T20:29,2026-08-22T21:54,ASSIGNED
SR0174,L023,L020,porter-escort,4,2026-08-18T19:54,2026-08-18T23:05,PENDING
SR0175,L026,L050,specimen-collection,4,2026-08-21T19:59,2026-08-21T23:00,DONE
SR0176,L011,L055,cleaning,5,2026-08-17T16:02,2026-08-17T20:00,PENDING
SR0177,L032,L004,cleaning,3,2026-08-21T19:25,2026-08-21T21:33,PENDING
SR0178,L036,L044,food-delivery,4,2026-08-19T13:39,2026-08-19T16:38,PENDING
SR0179,L040,L037,blood-delivery,5,2026-08-21T07:35,2026-08-21T11:40,PENDING
SR0180,L029,L030,cleaning,4,2026-08-22T09:34,2026-08-22T12:55,PENDING
SR0181,L010,L032,porter-escort,5,2026-08-18T23:08,2026-08-19T03:37,DONE
SR0182,L052,L005,blood-delivery,4,2026-08-23T22:12,2026-08-24T01:07,PENDING
SR0183,L025,L049,cleaning,3,2026-08-17T11:16,2026-08-17T13:30,PENDING
SR0184,L048,L057,linen-delivery,2,2026-08-20T09:40,2026-08-20T10:57,DONE
SR0185,L002,L046,blood-delivery,2,2026-08-22T10:19,2026-08-22T11:39,PENDING
SR0186,L059,L002,blood-delivery,4,2026-08-17T16:27,2026-08-17T19:44,PENDING
SR0187,L058,L019,food-delivery,2,2026-08-23T14:15,2026-08-23T15:13,ASSIGNED
SR0188,L018,L033,wheelchair-request,4,2026-08-22T12:09,2026-08-22T15:12,PENDING
SR0189,L023,L005,medication-run,5,2026-08-20T16:38,2026-08-20T20:32,DONE
SR0190,L012,L002,oxygen-delivery,4,2026-08-21T14:03,2026-08-21T17:21,PENDING
SR0191,L029,L030,specimen-collection,3,2026-08-20T12:13,2026-08-20T14:43,PENDING
SR0192,L026,L002,equipment-delivery,5,2026-08-17T21:45,2026-08-18T02:08,PENDING
SR0193,L053,L057,equipment-delivery,3,2026-08-18T17:13,2026-08-18T19:31,ASSIGNED
SR0194,L035,L034,lab-sample,4,2026-08-17T15:32,2026-08-17T18:24,PENDING
SR0195,L022,L028,patient-transfer,1,2026-08-18T09:20,2026-08-18T09:57,PENDING
SR0196,L048,L008,lab-sample,2,2026-08-20T22:39,2026-08-20T23:44,PENDING
SR0197,L053,L012,lab-sample,3,2026-08-18T17:34,2026-08-18T19:43,DONE
SR0198,L045,L007,lab-sample,2,2026-08-17T07:47,2026-08-17T09:16,DONE
SR0199,L006,L003,porter-escort,1,2026-08-17T07:54,2026-08-17T08:49,PENDING
SR0200,L023,L025,linen-delivery,2,2026-08-22T21:17,2026-08-22T22:10,DONE
SR0201,L042,L060,cleaning,4,2026-08-23T08:55,2026-08-23T12:03,PENDING
SR0202,L004,L014,lab-sample,4,2026-08-22T10:45,2026-08-22T14:05,PENDING
SR0203,L046,L026,wheelchair-request,1,2026-08-20T12:27,2026-08-20T13:13,PENDING
SR0204,L017,L048,lab-sample,5,2026-08-20T09:25,2026-08-20T13:28,ASSIGNED
SR0205,L057,L060,wheelchair-request,2,2026-08-19T14:24,2026-08-19T15:23,PENDING
SR0206,L039,L027,linen-delivery,2,2026-08-22T10:31,2026-08-22T11:31,PENDING
SR0207,L042,L058,blood-delivery,2,2026-08-17T21:22,2026-08-17T22:44,PENDING
SR0208,L052,L007,patient-transfer,5,2026-08-20T23:16,2026-08-21T03:35,DONE
SR0209,L059,L027,oxygen-delivery,5,2026-08-21T19:19,2026-08-21T23:46,PENDING
SR0210,L029,L050,cleaning,1,2026-08-21T16:18,2026-08-21T17:12,PENDING
SR0211,L060,L035,cleaning,4,2026-08-19T10:33,2026-08-19T13:27,PENDING
SR0212,L015,L057,food-delivery,5,2026-08-18T11:02,2026-08-18T15:10,PENDING
SR0213,L055,L040,medication-run,2,2026-08-19T15:51,2026-08-19T17:12,PENDING
SR0214,L004,L020,blood-delivery,2,2026-08-20T16:44,2026-08-20T18:06,PENDING
SR0215,L046,L041,blood-delivery,1,2026-08-17T17:23,2026-08-17T18:19,PENDING
SR0216,L010,L003,cleaning,5,2026-08-18T17:05,2026-08-18T21:18,PENDING
SR0217,L039,L015,wheelchair-request,4,2026-08-22T10:18,2026-08-22T13:39,ASSIGNED
SR0218,L003,L013,specimen-collection,4,2026-08-22T15:37,2026-08-22T19:07,PENDING
SR0219,L043,L052,equipment-delivery,5,2026-08-18T22:19,2026-08-19T02:33,PENDING
SR0220,L002,L058,blood-delivery,3,2026-08-22T08:36,2026-08-22T10:35,ASSIGNED
SR0221,L019,L035,oxygen-delivery,3,2026-08-17T17:30,2026-08-17T19:57,PENDING
SR0222,L012,L017,patient-transfer,3,2026-08-23T07:05,2026-08-23T09:34,PENDING
SR0223,L033,L011,patient-transfer,3,2026-08-21T23:35,2026-08-22T01:41,PENDING
SR0224,L059,L014,equipment-delivery,2,2026-08-17T13:16,2026-08-17T14:30,PENDING
SR0225,L024,L008,wheelchair-request,5,2026-08-23T06:04,2026-08-23T10:26,DONE
SR0226,L035,L040,blood-delivery,4,2026-08-17T21:42,2026-08-18T00:35,PENDING
SR0227,L024,L047,cleaning,4,2026-08-18T11:00,2026-08-18T13:52,PENDING
SR0228,L050,L045,oxygen-delivery,3,2026-08-22T22:44,2026-08-23T00:45,PENDING
SR0229,L010,L053,lab-sample,4,2026-08-17T17:14,2026-08-17T20:09,ASSIGNED
SR0230,L058,L013,linen-delivery,3,2026-08-21T19:35,2026-08-21T21:54,ASSIGNED
SR0231,L057,L047,patient-transfer,5,2026-08-19T09:30,2026-08-19T13:43,PENDING
SR0232,L022,L056,blood-delivery,5,2026-08-21T18:41,2026-08-21T22:50,DONE
SR0233,L015,L055,porter-escort,3,2026-08-17T22:07,2026-08-18T00:36,PENDING
SR0234,L032,L007,blood-delivery,4,2026-08-17T12:55,2026-08-17T15:47,DONE
SR0235,L012,L006,porter-escort,3,2026-08-20T11:39,2026-08-20T13:35,PENDING
SR0236,L001,L017,porter-escort,5,2026-08-20T06:36,2026-08-20T10:40,PENDING
SR0237,L008,L048,lab-sample,3,2026-08-17T16:43,2026-08-17T18:46,PENDING
SR0238,L051,L039,blood-delivery,5,2026-08-22T21:19,2026-08-23T01:40,PENDING
SR0239,L053,L051,specimen-collection,2,2026-08-20T10:14,2026-08-20T11:24,PENDING
SR0240,L025,L051,equipment-delivery,4,2026-08-22T10:30,2026-08-22T13:40,ASSIGNED
SR0241,L006,L054,food-delivery,4,2026-08-17T11:11,2026-08-17T14:28,PENDING
SR0242,L030,L016,cleaning,4,2026-08-18T06:24,2026-08-18T09:46,PENDING
SR0243,L029,L009,blood-delivery,3,2026-08-17T15:05,2026-08-17T17:07,ASSIGNED
SR0244,L058,L038,specimen-collection,4,2026-08-22T09:39,2026-08-22T12:36,ASSIGNED
SR0245,L001,L007,food-delivery,4,2026-08-19T09:59,2026-08-19T13:15,DONE
SR0246,L003,L034,patient-transfer,3,2026-08-21T21:46,2026-08-21T23:43,DONE
SR0247,L026,L018,medication-run,2,2026-08-22T10:20,2026-08-22T11:32,PENDING
SR0248,L049,L005,equipment-delivery,1,2026-08-22T09:35,2026-08-22T10:21,PENDING
SR0249,L045,L023,blood-delivery,4,2026-08-21T06:13,2026-08-21T09:10,DONE
SR0250,L054,L014,equipment-delivery,2,2026-08-22T08:27,2026-08-22T09:17,DONE
SR0251,L056,L017,blood-delivery,3,2026-08-17T12:13,2026-08-17T14:09,PENDING
SR0252,L039,L049,lab-sample,3,2026-08-17T11:35,2026-08-17T13:37,PENDING
SR0253,L059,L006,equipment-delivery,2,2026-08-22T22:30,2026-08-22T23:23,PENDING
SR0254,L032,L037,equipment-delivery,3,2026-08-21T21:08,2026-08-21T23:36,PENDING
SR0255,L025,L018,food-delivery,5,2026-08-22T18:33,2026-08-22T22:26,DONE
SR0256,L048,L053,lab-sample,3,2026-08-22T16:57,2026-08-22T18:58,ASSIGNED
SR0257,L051,L055,oxygen-delivery,2,2026-08-18T18:33,2026-08-18T19:37,ASSIGNED
SR0258,L011,L020,oxygen-delivery,3,2026-08-23T07:48,2026-08-23T10:10,ASSIGNED
SR0259,L033,L007,cleaning,4,2026-08-20T18:33,2026-08-20T21:26,ASSIGNED
SR0260,L033,L023,specimen-collection,3,2026-08-23T10:02,2026-08-23T12:10,PENDING
SR0261,L039,L042,blood-delivery,2,2026-08-18T21:30,2026-08-18T22:56,PENDING
SR0262,L013,L051,blood-delivery,1,2026-08-19T13:43,2026-08-19T14:15,PENDING
SR0263,L023,L012,medication-run,3,2026-08-22T06:39,2026-08-22T08:41,DONE
SR0264,L016,L022,patient-transfer,3,2026-08-21T06:20,2026-08-21T08:19,ASSIGNED
SR0265,L029,L048,cleaning,2,2026-08-21T16:48,2026-08-21T18:12,PENDING
SR0266,L036,L021,lab-sample,3,2026-08-17T12:47,2026-08-17T15:17,PENDING
SR0267,L040,L045,equipment-delivery,3,2026-08-21T13:44,2026-08-21T15:39,PENDING
SR0268,L056,L027,patient-transfer,3,2026-08-18T22:50,2026-08-19T01:03,ASSIGNED
SR0269,L040,L047,patient-transfer,2,2026-08-18T21:13,2026-08-18T22:32,PENDING
SR0270,L010,L043,linen-delivery,5,2026-08-18T16:26,2026-08-18T20:36,PENDING
SR0271,L013,L003,cleaning,3,2026-08-21T19:53,2026-08-21T21:56,DONE
SR0272,L057,L040,patient-transfer,2,2026-08-21T12:25,2026-08-21T13:18,ASSIGNED
SR0273,L035,L018,lab-sample,4,2026-08-21T18:13,2026-08-21T21:13,PENDING
SR0274,L051,L040,cleaning,4,2026-08-19T06:24,2026-08-19T09:37,PENDING
SR0275,L037,L016,equipment-delivery,4,2026-08-18T07:46,2026-08-18T10:37,PENDING
SR0276,L051,L021,linen-delivery,3,2026-08-20T13:44,2026-08-20T15:39,PENDING
SR0277,L039,L013,equipment-delivery,3,2026-08-22T12:11,2026-08-22T14:39,ASSIGNED
SR0278,L045,L021,porter-escort,3,2026-08-20T12:30,2026-08-20T14:36,PENDING
SR0279,L032,L036,wheelchair-request,5,2026-08-19T14:27,2026-08-19T18:36,ASSIGNED
SR0280,L021,L012,blood-delivery,2,2026-08-19T20:49,2026-08-19T21:46,ASSIGNED
SR0281,L028,L008,porter-escort,2,2026-08-21T21:19,2026-08-21T22:24,PENDING
SR0282,L011,L023,wheelchair-request,3,2026-08-19T13:10,2026-08-19T15:08,PENDING
SR0283,L023,L017,oxygen-delivery,5,2026-08-18T11:37,2026-08-18T15:38,PENDING
SR0284,L020,L047,lab-sample,5,2026-08-21T11:45,2026-08-21T15:57,PENDING
SR0285,L009,L030,lab-sample,2,2026-08-19T13:32,2026-08-19T14:37,ASSIGNED
SR0286,L027,L050,wheelchair-request,3,2026-08-18T11:39,2026-08-18T13:44,PENDING
SR0287,L048,L017,specimen-collection,4,2026-08-20T15:55,2026-08-20T18:51,PENDING
SR0288,L053,L050,patient-transfer,3,2026-08-23T13:09,2026-08-23T15:25,ASSIGNED
SR0289,L010,L040,cleaning,1,2026-08-22T23:30,2026-08-22T23:50,PENDING
SR0290,L047,L001,specimen-collection,4,2026-08-20T21:30,2026-08-21T00:35,PENDING
SR0291,L014,L017,wheelchair-request,3,2026-08-23T22:59,2026-08-24T01:17,PENDING
SR0292,L035,L038,cleaning,3,2026-08-20T07:22,2026-08-20T09:29,DONE
SR0293,L017,L021,porter-escort,3,2026-08-17T19:51,2026-08-17T21:51,ASSIGNED
SR0294,L002,L001,blood-delivery,4,2026-08-22T20:55,2026-08-22T23:49,DONE
SR0295,L025,L054,wheelchair-request,3,2026-08-18T13:26,2026-08-18T15:33,PENDING
SR0296,L028,L058,equipment-delivery,4,2026-08-18T19:58,2026-08-18T23:20,PENDING
SR0297,L010,L053,lab-sample,4,2026-08-21T10:27,2026-08-21T13:20,PENDING
SR0298,L014,L034,medication-run,4,2026-08-20T18:11,2026-08-20T21:39,PENDING
SR0299,L010,L011,cleaning,4,2026-08-17T15:04,2026-08-17T18:25,PENDING
SR0300,L046,L054,medication-run,5,2026-08-19T13:04,2026-08-19T17:28,DONE
